step,plants_available,prey,predators,competitors
0,200,60,25,0
1,184,60,25,0
2,160,60,25,0
3,143,59,25,0
4,131,57,25,0
5,125,69,25,0
6,117,81,25,0
7,103,80,25,0
8,93,77,25,0
9,83,76,26,0
10,76,76,28,0
11,68,76,28,0
12,68,70,29,0
13,80,68,29,0
14,94,60,29,0
15,100,59,23,0
16,99,55,24,0
17,107,56,25,0
18,107,55,26,0
19,112,49,26,0
20,112,49,24,0
21,113,49,25,0
22,115,48,25,0
23,114,48,25,0
24,117,49,20,0
25,120,44,20,0
26,124,42,21,0
27,126,40,16,0
28,131,37,16,0
29,134,36,16,0
30,136,33,15,0
31,138,32,15,0
32,143,29,15,0
33,145,26,12,0
34,150,24,13,0
35,149,23,12,0
36,150,21,10,0
37,147,23,8,0
38,148,23,7,0
39,149,21,7,0
40,145,22,6,0
41,149,23,6,0
42,150,22,6,0
43,149,21,7,0
44,154,22,6,0
45,152,21,4,0
46,155,19,4,0
47,157,21,4,0
48,158,23,4,0
49,159,22,4,0
50,158,22,4,0
51,155,22,3,0
52,155,22,4,0
53,157,24,4,0
54,158,26,3,0
55,160,25,3,0
56,153,25,3,0
57,147,25,3,0
58,147,25,3,0
59,143,24,3,0
60,148,25,3,0
61,154,29,4,0
62,154,28,2,0
63,151,27,2,0
64,151,28,2,0
65,152,28,2,0
66,152,28,2,0
67,157,29,2,0
68,162,33,2,0
69,166,28,2,0
70,162,28,2,0
71,161,26,1,0
72,159,25,1,0
73,159,26,1,0
74,159,29,1,0
75,157,27,1,0
76,156,26,1,0
77,156,27,1,0
78,156,27,1,0
79,149,27,0,0
80,147,28,0,0
81,151,28,0,0
82,151,29,0,0
83,153,29,0,0
84,155,29,0,0
85,154,28,0,0
86,158,28,0,0
87,159,28,0,0
88,156,24,0,0
89,160,23,0,0
90,167,21,0,0
91,164,21,0,0
92,162,23,0,0
93,166,22,0,0
94,163,22,0,0
95,164,22,0,0
96,163,22,0,0
97,161,22,0,0
98,163,21,0,0
99,162,20,0,0
100,165,21,0,0
101,163,21,0,0
102,163,22,0,0
103,162,22,0,0
104,165,21,0,0
105,167,21,0,0
106,168,22,0,0
107,167,23,0,0
108,167,20,0,0
109,167,22,0,0
110,164,23,0,0
111,163,23,0,0
112,161,23,0,0
113,158,23,0,0
114,163,23,0,0
115,159,20,0,0
116,158,22,0,0
117,155,21,0,0
118,156,21,0,0
119,155,21,0,0
120,155,22,0,0
121,156,23,0,0
122,157,24,0,0
123,157,26,0,0
124,157,26,0,0
125,159,23,0,0
126,160,23,0,0
127,162,24,0,0
128,160,25,0,0
129,158,26,0,0
130,157,25,0,0
131,156,25,0,0
132,152,24,0,0
133,152,23,0,0
134,148,23,0,0
135,151,24,0,0
136,149,23,0,0
137,148,23,0,0
138,143,23,0,0
139,146,24,0,0
140,144,24,0,0
141,142,27,0,0
142,144,26,0,0
143,148,25,0,0
144,149,25,0,0
145,145,26,0,0
146,144,27,0,0
147,145,30,0,0
148,143,32,0,0
149,143,34,0,0
150,138,34,0,0
151,138,33,0,0
152,138,33,0,0
153,136,34,0,0
154,131,38,0,0
155,135,39,0,0
156,132,41,0,0
157,132,42,0,0
158,129,44,0,0
159,127,43,0,0
160,130,41,0,0
161,133,40,0,0
162,131,39,0,0
163,129,39,0,0
164,126,40,0,0
165,125,43,0,0
166,124,45,0,0
167,120,44,0,0
168,121,47,0,0
169,120,46,0,0
170,129,47,0,0
171,124,45,0,0
172,124,46,0,0
173,126,47,0,0
174,127,47,0,0
175,129,47,0,0
176,130,48,0,0
177,129,48,0,0
178,130,47,0,0
179,134,46,0,0
180,134,46,0,0
181,136,45,0,0
182,130,44,0,0
183,129,45,0,0
184,122,45,0,0
185,122,45,0,0
186,117,42,0,0
187,114,44,0,0
188,114,45,0,0
189,112,45,0,0
190,109,47,0,0
191,109,50,0,0
192,109,52,0,0
193,111,52,0,0
194,109,54,0,0
195,114,51,0,0
196,110,51,0,0
197,117,51,0,0
198,116,48,0,0
199,111,50,0,0
200,108,52,0,30
201,110,53,0,30
202,103,51,0,30
203,87,51,0,30
204,82,50,0,30
205,80,48,0,30
206,79,50,0,35
207,78,51,0,36
208,81,50,0,36
209,73,51,0,36
210,74,51,0,28
211,80,50,0,29
212,86,48,0,30
213,91,43,0,27
214,98,40,0,25
215,107,37,0,19
216,107,38,0,19
217,107,38,0,18
218,111,38,0,17
219,109,39,0,15
220,108,38,0,14
221,116,37,0,15
222,118,37,0,15
223,118,36,0,15
224,116,34,0,13
225,111,36,0,13
226,117,33,0,13
227,116,33,0,13
228,122,33,0,13
229,120,32,0,11
230,121,32,0,12
231,127,29,0,12
232,129,30,0,11
233,128,29,0,10
234,123,27,0,10
235,126,29,0,11
236,124,27,0,11
237,126,27,0,10
238,131,29,0,9
239,133,30,0,8
240,137,32,0,7
241,139,31,0,7
242,133,30,0,6
243,131,29,0,6
244,131,29,0,6
245,135,29,0,5
246,133,31,0,5
247,133,32,0,5
248,131,33,0,5
249,134,33,0,5
250,133,33,0,5
251,135,36,0,5
252,130,38,0,3
253,129,41,0,3
254,135,40,0,2
255,136,38,0,3
256,138,38,0,3
257,140,39,0,3
258,139,39,0,3
259,143,37,0,3
260,144,37,0,3
261,140,34,0,3
262,140,32,0,1
263,142,30,0,2
264,149,32,0,2
265,146,33,0,2
266,145,32,0,2
267,144,33,0,2
268,144,30,0,2
269,145,30,0,2
270,141,31,0,2
271,136,33,0,2
272,138,32,0,3
273,139,32,0,3
274,137,34,0,3
275,134,34,0,3
276,135,36,0,3
277,138,35,0,3
278,140,33,0,3
279,139,30,0,2
280,137,31,0,2
281,139,32,0,2
282,140,33,0,2
283,142,33,0,2
284,142,32,0,2
285,136,31,0,2
286,136,32,0,2
287,134,32,0,2
288,134,33,0,2
289,135,35,0,2
290,131,36,0,2
291,134,33,0,2
292,132,34,0,2
293,133,34,0,2
294,133,35,0,2
295,133,32,0,2
296,134,32,0,2
297,134,35,0,2
298,134,36,0,2
299,132,38,0,2
300,129,37,0,2
301,130,38,0,2
302,132,39,0,2
303,130,38,0,2
304,129,37,0,2
305,127,36,0,2
306,131,35,0,2
307,133,37,0,2
308,137,37,0,2
309,143,34,0,2
310,138,34,0,0
311,138,35,0,0
312,135,32,0,0
313,137,31,0,0
314,135,32,0,0
315,141,34,0,0
316,143,34,0,0
317,137,34,0,0
318,136,37,0,0
319,132,37,0,0
320,132,38,0,0
321,133,39,0,0
322,136,40,0,0
323,138,40,0,0
324,140,40,0,0
325,142,39,0,0
326,141,38,0,0
327,144,38,0,0
328,144,38,0,0
329,143,33,0,0
330,139,32,0,0
331,141,29,0,0
332,140,32,0,0
333,143,32,0,0
334,143,30,0,0
335,141,31,0,0
336,135,33,0,0
337,138,33,0,0
338,136,33,0,0
339,132,37,0,0
340,127,36,0,0
341,130,36,0,0
342,132,37,0,0
343,132,39,0,0
344,127,42,0,0
345,123,43,0,0
346,118,44,0,0
347,119,45,0,0
348,114,46,0,0
349,115,45,0,0
350,114,49,0,0
351,119,48,0,0
352,116,47,0,0
353,117,47,0,0
354,116,46,0,0
355,114,48,0,0
356,117,51,0,0
357,120,52,0,0
358,124,53,0,0
359,118,54,0,0
360,117,54,0,0
361,114,54,0,0
362,112,53,0,0
363,116,52,0,0
364,119,51,0,0
365,117,51,0,0
366,119,52,0,0
367,118,49,0,0
368,115,49,0,0
369,116,49,0,0
370,124,48,0,0
371,125,47,0,0
372,127,46,0,0
373,127,43,0,0
374,129,43,0,0
375,132,45,0,0
376,132,42,0,0
377,131,41,0,0
378,131,38,0,0
379,134,37,0,0
380,136,36,0,0
381,134,36,0,0
382,130,35,0,0
383,133,37,0,0
384,136,37,0,0
385,139,36,0,0
386,139,36,0,0
387,138,35,0,0
388,139,35,0,0
389,143,33,0,0
390,144,34,0,0
391,152,34,0,0
392,153,32,0,0
393,151,31,0,0
394,157,30,0,0
395,154,30,0,0
396,153,31,0,0
397,159,32,0,0
398,156,30,0,0
399,156,28,0,0
400,154,26,0,0
401,153,27,0,0
402,152,28,0,0
403,149,28,0,0
404,153,29,0,0
405,154,29,0,0
406,151,28,0,0
407,153,27,0,0
408,151,27,0,0
409,145,28,0,0
410,149,28,0,0
411,148,27,0,0
412,149,28,0,0
413,154,30,0,0
414,147,28,0,0
415,147,28,0,0
416,143,29,0,0
417,143,30,0,0
418,142,30,0,0
419,137,30,0,0
420,137,30,0,0
421,138,29,0,0
422,142,30,0,0
423,141,33,0,0
424,144,32,0,0
425,144,35,0,0
426,145,36,0,0
427,144,37,0,0
428,141,36,0,0
429,136,37,0,0
430,136,38,0,0
431,138,39,0,0
432,138,39,0,0
433,135,40,0,0
434,132,39,0,0
435,130,38,0,0
436,131,38,0,0
437,131,39,0,0
438,136,36,0,0
439,136,36,0,0
440,139,36,0,0
441,140,34,0,0
442,143,35,0,0
443,138,35,0,0
444,140,38,0,0
445,141,37,0,0
446,140,38,0,0
447,137,37,0,0
448,135,37,0,0
449,132,37,0,0
450,132,36,0,0
451,131,38,0,0
452,131,39,0,0
453,133,37,0,0
454,133,36,0,0
455,137,36,0,0
456,133,35,0,0
457,128,35,0,0
458,132,38,0,0
459,133,38,0,0
460,136,37,0,0
461,139,39,0,0
462,137,37,0,0
463,135,34,0,0
464,134,33,0,0
465,131,32,0,0
466,132,33,0,0
467,134,34,0,0
468,136,35,0,0
469,139,35,0,0
470,138,35,0,0
471,137,37,0,0
472,135,38,0,0
473,131,38,0,0
474,137,40,0,0
475,136,39,0,0
476,137,39,0,0
477,137,39,0,0
478,135,37,0,0
479,130,37,0,0
480,124,35,0,0
481,127,37,0,0
482,128,38,0,0
483,126,41,0,0
484,124,41,0,0
485,126,39,0,0
486,125,41,0,0
487,125,40,0,0
488,129,43,0,0
489,129,40,0,0
490,136,40,0,0
491,139,40,0,0
492,144,39,0,0
493,138,41,0,0
494,140,41,0,0
495,141,41,0,0
496,138,42,0,0
497,138,40,0,0
498,142,40,0,0
499,137,41,0,0
500,135,42,0,0
501,136,40,0,0
502,127,39,0,0
503,124,36,0,0
504,131,35,0,0
505,128,35,0,0
506,127,37,0,0
507,134,36,0,0
508,133,35,0,0
509,131,36,0,0
510,131,39,0,0
511,132,39,0,0
512,131,40,0,0
513,129,40,0,0
514,134,40,0,0
515,134,43,0,0
516,129,44,0,0
517,129,45,0,0
518,128,43,0,0
519,125,44,0,0
520,124,46,0,0
521,117,45,0,0
522,122,47,0,0
523,123,48,0,0
524,118,45,0,0
525,120,45,0,0
526,119,44,0,0
527,118,44,0,0
528,120,44,0,0
529,116,47,0,0
530,115,49,0,0
531,109,47,0,0
532,118,46,0,0
533,120,45,0,0
534,116,45,0,0
535,120,47,0,0
536,120,46,0,0
537,115,47,0,0
538,114,45,0,0
539,117,47,0,0
540,120,47,0,0
541,129,45,0,0
542,129,44,0,0
543,130,44,0,0
544,132,42,0,0
545,130,40,0,0
546,133,39,0,0
547,124,38,0,0
548,128,37,0,0
549,132,37,0,0
550,127,40,0,0
551,130,43,0,0
552,128,43,0,0
553,124,44,0,0
554,123,43,0,0
555,124,43,0,0
556,127,43,0,0
557,123,44,0,0
558,119,44,0,0
559,121,44,0,0
560,115,45,0,0
561,118,47,0,0
562,118,46,0,0
563,122,50,0,0
564,125,51,0,0
565,121,51,0,0
566,127,49,0,0
567,127,46,0,0
568,124,47,0,0
569,129,46,0,0
570,129,46,0,0
571,124,43,0,0
572,128,43,0,0
573,124,43,0,0
574,124,42,0,0
575,119,45,0,0
576,120,46,0,0
577,123,46,0,0
578,125,45,0,0
579,129,45,0,0
580,125,44,0,0
581,126,43,0,0
582,121,40,0,0
583,125,41,0,0
584,127,42,0,0
585,122,42,0,0
586,119,43,0,0
587,124,41,0,0
588,124,44,0,0
589,117,43,0,0
590,110,44,0,0
591,111,45,0,0
592,113,45,0,0
593,118,48,0,0
594,118,47,0,0
595,121,51,0,0
596,121,49,0,0
597,127,48,0,0
598,126,46,0,0
599,119,45,0,0
600,119,45,0,0
601,124,44,0,0
602,123,48,0,0
603,122,49,0,0
604,123,48,0,0
605,118,47,0,0
606,120,49,0,0
607,121,50,0,0
608,120,47,0,0
609,118,46,0,0
610,116,45,0,0
611,123,45,0,0
612,121,43,0,0
613,121,45,0,0
614,116,47,0,0
615,120,47,0,0
616,118,48,0,0
617,119,45,0,0
618,119,43,0,0
619,124,43,0,0
620,126,45,0,0
621,126,46,0,0
622,120,45,0,0
623,114,43,0,0
624,119,43,0,0
625,122,43,0,0
626,122,45,0,0
627,122,50,0,0
628,128,49,0,0
629,128,49,0,0
630,124,48,0,0
631,119,50,0,0
632,122,48,0,0
633,127,48,0,0
634,131,49,0,0
635,128,47,0,0
636,127,45,0,0
637,132,44,0,0
638,132,44,0,0
639,128,46,0,0
640,121,45,0,0
641,123,46,0,0
642,126,44,0,0
643,124,43,0,0
644,121,43,0,0
645,126,44,0,0
646,130,40,0,0
647,131,38,0,0
648,130,39,0,0
649,131,36,0,0
650,135,37,0,0
651,136,38,0,0
652,141,37,0,0
653,138,33,0,0
654,137,34,0,0
655,141,35,0,0
656,138,33,0,0
657,132,35,0,0
658,129,36,0,0
659,130,36,0,0
660,131,33,0,0
661,131,34,0,0
662,132,36,0,0
663,128,39,0,0
664,129,40,0,0
665,126,40,0,0
666,127,39,0,0
667,127,38,0,0
668,126,37,0,0
669,124,37,0,0
670,128,37,0,0
671,124,40,0,0
672,121,41,0,0
673,122,43,0,0
674,123,45,0,0
675,122,48,0,0
676,122,48,0,0
677,124,48,0,0
678,125,48,0,0
679,124,44,0,0
680,129,44,0,0
681,132,43,0,0
682,133,44,0,0
683,137,42,0,0
684,136,41,0,0
685,138,42,0,0
686,134,42,0,0
687,133,42,0,0
688,129,41,0,0
689,130,40,0,0
690,132,40,0,0
691,129,40,0,0
692,122,43,0,0
693,124,42,0,0
694,130,41,0,0
695,132,41,0,0
696,126,41,0,0
697,128,40,0,0
698,131,38,0,0
699,137,39,0,0
700,137,39,0,0
701,132,38,0,0
702,130,41,0,0
703,127,38,0,0
704,129,39,0,0
705,124,39,0,0
706,127,39,0,0
707,132,42,0,0
708,128,41,0,0
709,129,44,0,0
710,133,42,0,0
711,132,41,0,0
712,133,41,0,0
713,138,40,0,0
714,132,41,0,0
715,134,38,0,0
716,137,39,0,0
717,137,36,0,0
718,128,38,0,0
719,124,37,0,0
720,124,37,0,0
721,121,43,0,0
722,120,42,0,0
723,126,40,0,0
724,127,40,0,0
725,128,41,0,0
726,130,41,0,0
727,128,41,0,0
728,125,44,0,0
729,131,42,0,0
730,130,41,0,0
731,138,40,0,0
732,135,43,0,0
733,132,44,0,0
734,130,44,0,0
735,126,46,0,0
736,126,47,0,0
737,124,47,0,0
738,124,46,0,0
739,122,45,0,0
740,118,41,0,0
741,118,40,0,0
742,121,40,0,0
743,122,40,0,0
744,126,40,0,0
745,125,41,0,0
746,123,44,0,0
747,125,43,0,0
748,123,44,0,0
749,124,47,0,0
750,124,48,0,0
751,128,47,0,0
752,131,45,0,0
753,130,48,0,0
754,129,44,0,0
755,131,44,0,0
756,131,42,0,0
757,131,44,0,0
758,127,41,0,0
759,123,40,0,0
760,128,46,0,0
761,126,44,0,0
762,131,44,0,0
763,128,47,0,0
764,129,46,0,0
765,130,45,0,0
766,133,46,0,0
767,135,44,0,0
768,133,38,0,0
769,133,38,0,0
770,134,37,0,0
771,137,36,0,0
772,133,37,0,0
773,131,39,0,0
774,131,41,0,0
775,131,42,0,0
776,135,38,0,0
777,134,36,0,0
778,127,36,0,0
779,133,36,0,0
780,135,38,0,0
781,138,39,0,0
782,141,37,0,0
783,139,37,0,0
784,138,36,0,0
785,139,36,0,0
786,141,36,0,0
787,142,37,0,0
788,144,37,0,0
789,148,33,0,0
790,149,32,0,0
791,145,31,0,0
792,146,30,0,0
793,146,30,0,0
794,144,29,0,0
795,146,29,0,0
796,145,31,0,0
797,141,31,0,0
798,138,30,0,0
799,133,30,0,0
800,133,30,0,0
801,134,29,0,0
802,134,30,0,0
803,133,32,0,0
804,134,32,0,0
805,132,34,0,0
806,133,34,0,0
807,134,36,0,0
808,134,36,0,0
809,140,37,0,0
810,141,38,0,0
811,144,37,0,0
812,143,40,0,0
813,141,40,0,0
814,141,41,0,0
815,134,39,0,0
816,131,37,0,0
817,132,38,0,0
818,130,39,0,0
819,131,41,0,0
820,132,45,0,0
821,130,44,0,0
822,125,45,0,0
823,124,44,0,0
824,121,44,0,0
825,124,44,0,0
826,127,43,0,0
827,126,41,0,0
828,123,41,0,0
829,127,42,0,0
830,128,42,0,0
831,130,42,0,0
832,128,41,0,0
833,132,43,0,0
834,138,43,0,0
835,134,44,0,0
836,135,43,0,0
837,135,42,0,0
838,134,42,0,0
839,134,44,0,0
840,134,40,0,0
841,134,37,0,0
842,131,38,0,0
843,129,39,0,0
844,128,40,0,0
845,128,40,0,0
846,126,39,0,0
847,129,38,0,0
848,129,38,0,0
849,131,39,0,0
850,135,38,0,0
851,137,38,0,0
852,137,38,0,0
853,135,39,0,0
854,133,38,0,0
855,135,39,0,0
856,137,40,0,0
857,136,38,0,0
858,140,35,0,0
859,140,34,0,0
860,140,35,0,0
861,145,36,0,0
862,145,35,0,0
863,146,35,0,0
864,144,33,0,0
865,147,32,0,0
866,142,31,0,0
867,141,32,0,0
868,138,33,0,0
869,137,33,0,0
870,135,33,0,0
871,135,33,0,0
872,134,34,0,0
873,132,35,0,0
874,134,39,0,0
875,136,36,0,0
876,134,35,0,0
877,133,36,0,0
878,137,37,0,0
879,137,36,0,0
880,140,36,0,0
881,141,39,0,0
882,142,38,0,0
883,141,38,0,0
884,144,37,0,0
885,141,37,0,0
886,139,38,0,0
887,140,38,0,0
888,135,38,0,0
889,132,36,0,0
890,133,35,0,0
891,133,37,0,0
892,131,39,0,0
893,130,40,0,0
894,132,38,0,0
895,133,40,0,0
896,131,40,0,0
897,130,40,0,0
898,125,38,0,0
899,125,37,0,0
900,134,39,0,0
901,131,37,0,0
902,131,40,0,0
903,132,39,0,0
904,132,39,0,0
905,128,40,0,0
906,128,41,0,0
907,129,40,0,0
908,134,39,0,0
909,135,40,0,0
910,142,38,0,0
911,139,37,0,0
912,142,36,0,0
913,140,34,0,0
914,144,34,0,0
915,137,34,0,0
916,136,36,0,0
917,136,35,0,0
918,130,37,0,0
919,126,36,0,0
920,128,37,0,0
921,128,38,0,0
922,130,44,0,0
923,126,47,0,0
924,130,44,0,0
925,124,45,0,0
926,126,45,0,0
927,132,46,0,0
928,127,47,0,0
929,128,47,0,0
930,130,44,0,0
931,131,42,0,0
932,129,43,0,0
933,127,41,0,0
934,131,42,0,0
935,131,41,0,0
936,130,40,0,0
937,133,38,0,0
938,135,39,0,0
939,142,39,0,0
940,145,38,0,0
941,145,39,0,0
942,142,40,0,0
943,141,38,0,0
944,138,39,0,0
945,141,38,0,0
946,140,39,0,0
947,141,40,0,0
948,136,39,0,0
949,137,35,0,0
950,131,33,0,0
951,129,34,0,0
952,131,32,0,0
953,134,31,0,0
954,132,34,0,0
955,135,33,0,0
956,134,34,0,0
957,131,34,0,0
958,128,35,0,0
959,127,37,0,0
960,134,37,0,0
961,134,39,0,0
962,135,40,0,0
963,134,39,0,0
964,132,37,0,0
965,131,37,0,0
966,126,39,0,0
967,127,37,0,0
968,129,40,0,0
969,133,42,0,0
970,127,42,0,0
971,128,42,0,0
972,122,43,0,0
973,119,44,0,0
974,121,43,0,0
975,121,43,0,0
976,118,43,0,0
977,124,42,0,0
978,129,43,0,0
979,126,41,0,0
980,123,42,0,0
981,123,43,0,0
982,125,43,0,0
983,126,45,0,0
984,125,45,0,0
985,120,46,0,0
986,119,46,0,0
987,119,47,0,0
988,118,49,0,0
989,119,48,0,0
990,118,51,0,0
991,116,50,0,0
992,115,50,0,0
993,116,48,0,0
994,117,49,0,0
995,122,50,0,0
996,125,49,0,0
997,127,49,0,0
998,123,49,0,0
999,126,46,0,0
1000,124,47,0,0
1001,128,42,0,0
1002,131,42,0,0
1003,130,40,0,0
1004,130,41,0,0
1005,127,42,0,0
1006,127,42,0,0
1007,123,43,0,0
1008,124,43,0,0
1009,126,42,0,0
1010,126,41,0,0
1011,129,41,0,0
1012,125,41,0,0
1013,125,42,0,0
1014,120,42,0,0
1015,124,40,0,0
1016,124,41,0,0
1017,127,41,0,0
1018,130,42,0,0
1019,131,40,0,0
1020,126,41,0,0
1021,123,40,0,0
1022,123,42,0,0
1023,122,42,0,0
1024,121,42,0,0
1025,127,42,0,0
1026,129,42,0,0
1027,128,42,0,0
1028,125,44,0,0
1029,121,44,0,0
1030,126,45,0,0
1031,127,45,0,0
1032,130,43,0,0
1033,132,44,0,0
1034,131,44,0,0
1035,129,44,0,0
1036,127,43,0,0
1037,129,45,0,0
1038,125,44,0,0
1039,127,42,0,0
1040,135,40,0,0
1041,131,37,0,0
1042,130,39,0,0
1043,126,39,0,0
1044,122,38,0,0
1045,126,39,0,0
1046,129,38,0,0
1047,130,40,0,0
1048,131,39,0,0
1049,132,41,0,0
1050,133,44,0,0
1051,126,45,0,0
1052,124,43,0,0
1053,129,43,0,0
1054,131,42,0,0
1055,129,43,0,0
1056,130,42,0,0
1057,132,42,0,0
1058,126,39,0,0
1059,121,40,0,0
1060,125,40,0,0
1061,120,39,0,0
1062,124,38,0,0
1063,126,38,0,0
1064,130,38,0,0
1065,131,39,0,0
1066,131,39,0,0
1067,132,40,0,0
1068,138,38,0,0
1069,138,40,0,0
1070,134,41,0,0
1071,135,41,0,0
1072,135,38,0,0
1073,133,38,0,0
1074,135,40,0,0
1075,132,41,0,0
1076,128,41,0,0
1077,127,40,0,0
1078,127,39,0,0
1079,123,39,0,0
1080,122,39,0,0
1081,121,41,0,0
1082,126,42,0,0
1083,130,43,0,0
1084,132,45,0,0
1085,127,44,0,0
1086,124,44,0,0
1087,130,43,0,0
1088,133,44,0,0
1089,130,45,0,0
1090,129,46,0,0
1091,126,44,0,0
1092,122,44,0,0
1093,124,42,0,0
1094,122,44,0,0
1095,119,42,0,0
1096,125,44,0,0
1097,125,47,0,0
1098,120,47,0,0
1099,117,48,0,0
1100,111,47,0,0
1101,108,47,0,0
1102,115,46,0,0
1103,116,45,0,0
1104,116,45,0,0
1105,111,45,0,0
1106,118,48,0,0
1107,118,46,0,0
1108,119,46,0,0
1109,123,48,0,0
1110,123,44,0,0
1111,124,43,0,0
1112,127,45,0,0
1113,130,43,0,0
1114,126,43,0,0
1115,129,44,0,0
1116,128,44,0,0
1117,132,43,0,0
1118,129,42,0,0
1119,130,43,0,0
1120,130,44,0,0
1121,127,44,0,0
1122,132,44,0,0
1123,131,43,0,0
1124,134,41,0,0
1125,134,42,0,0
1126,135,42,0,0
1127,134,40,0,0
1128,137,41,0,0
1129,136,39,0,0
1130,135,37,0,0
1131,133,37,0,0
1132,141,36,0,0
1133,138,35,0,0
1134,136,34,0,0
1135,136,34,0,0
1136,135,31,0,0
1137,138,29,0,0
1138,142,33,0,0
1139,147,35,0,0
1140,141,34,0,0
1141,144,35,0,0
1142,141,33,0,0
1143,144,32,0,0
1144,145,32,0,0
1145,147,32,0,0
1146,142,30,0,0
1147,140,31,0,0
1148,141,31,0,0
1149,137,32,0,0
1150,132,32,0,0
1151,129,35,0,0
1152,129,37,0,0
1153,129,39,0,0
1154,133,41,0,0
1155,127,41,0,0
1156,125,41,0,0
1157,131,40,0,0
1158,138,43,0,0
1159,137,42,0,0
1160,139,42,0,0
1161,139,41,0,0
1162,135,41,0,0
1163,138,43,0,0
1164,141,40,0,0
1165,139,39,0,0
1166,145,39,0,0
1167,147,38,0,0
1168,144,38,0,0
1169,140,40,0,0
1170,140,40,0,0
1171,135,37,0,0
1172,133,36,0,0
1173,133,35,0,0
1174,130,34,0,0
1175,126,32,0,0
1176,123,35,0,0
1177,124,37,0,0
1178,121,38,0,0
1179,115,38,0,0
1180,118,40,0,0
1181,121,40,0,0
1182,123,40,0,0
1183,120,44,0,0
1184,118,47,0,0
1185,119,46,0,0
1186,119,45,0,0
1187,122,44,0,0
1188,121,45,0,0
1189,123,46,0,0
1190,121,49,0,0
1191,127,51,0,0
1192,123,50,0,0
1193,121,50,0,0
1194,120,49,0,0
1195,123,49,0,0
1196,126,48,0,0
1197,128,48,0,0
1198,127,47,0,0
1199,127,46,0,0
1200,124,47,0,0
1201,121,47,0,0
1202,117,47,0,0
1203,117,46,0,0
1204,119,46,0,0
1205,121,45,0,0
1206,117,43,0,0
1207,123,43,0,0
1208,123,42,0,0
1209,124,43,0,0
1210,123,43,0,0
1211,121,43,0,0
1212,129,42,0,0
1213,131,40,0,0
1214,131,41,0,0
1215,123,41,0,0
1216,127,43,0,0
1217,127,42,0,0
1218,127,43,0,0
1219,126,45,0,0
1220,120,46,0,0
1221,116,45,0,0
1222,118,46,0,0
1223,115,45,0,0
1224,114,49,0,0
1225,117,48,0,0
1226,113,47,0,0
1227,118,47,0,0
1228,115,46,0,0
1229,112,50,0,0
1230,112,48,0,0
1231,111,47,0,0
1232,113,45,0,0
1233,118,45,0,0
1234,121,45,0,0
1235,118,46,0,0
1236,118,51,0,0
1237,121,49,0,0
1238,123,50,0,0
1239,117,49,0,0
1240,120,50,0,0
1241,121,50,0,0
1242,120,50,0,0
1243,120,50,0,0
1244,119,50,0,0
1245,117,52,0,0
1246,120,50,0,0
1247,121,53,0,0
1248,115,49,0,0
1249,113,47,0,0
1250,122,47,0,0
1251,123,48,0,0
1252,124,49,0,0
1253,126,47,0,0
1254,119,46,0,0
1255,114,45,0,0
1256,118,45,0,0
1257,120,45,0,0
1258,118,48,0,0
1259,120,48,0,0
1260,122,49,0,0
1261,120,45,0,0
1262,119,44,0,0
1263,119,43,0,0
1264,119,41,0,0
1265,125,42,0,0
1266,127,43,0,0
1267,127,43,0,0
1268,124,44,0,0
1269,122,45,0,0
1270,123,45,0,0
1271,121,45,0,0
1272,123,46,0,0
1273,126,46,0,0
1274,128,43,0,0
1275,126,43,0,0
1276,123,39,0,0
1277,124,41,0,0
1278,126,40,0,0
1279,133,39,0,0
1280,130,37,0,0
1281,134,37,0,0
1282,134,41,0,0
1283,135,39,0,0
1284,134,40,0,0
1285,135,36,0,0
1286,132,37,0,0
1287,138,38,0,0
1288,136,39,0,0
1289,136,39,0,0
1290,134,38,0,0
1291,134,38,0,0
1292,135,38,0,0
1293,128,40,0,0
1294,132,39,0,0
1295,131,41,0,0
1296,131,42,0,0
1297,136,43,0,0
1298,135,41,0,0
1299,134,40,0,0
1300,140,42,0,0
1301,139,40,0,0
1302,139,39,0,0
1303,137,36,0,0
1304,138,39,0,0
1305,139,41,0,0
1306,137,38,0,0
1307,133,38,0,0
1308,135,36,0,0
1309,131,37,0,0
1310,135,35,0,0
1311,134,38,0,0
1312,138,39,0,0
1313,136,37,0,0
1314,140,38,0,0
1315,135,33,0,0
1316,134,33,0,0
1317,137,31,0,0
1318,138,32,0,0
1319,140,34,0,0
1320,140,35,0,0
1321,136,35,0,0
1322,135,35,0,0
1323,136,35,0,0
1324,134,35,0,0
1325,135,37,0,0
1326,138,39,0,0
1327,130,41,0,0
1328,136,39,0,0
1329,129,37,0,0
1330,129,36,0,0
1331,130,36,0,0
1332,131,36,0,0
1333,129,39,0,0
1334,130,41,0,0
1335,125,37,0,0
1336,118,35,0,0
1337,119,35,0,0
1338,122,37,0,0
1339,123,39,0,0
1340,126,39,0,0
1341,135,42,0,0
1342,134,41,0,0
1343,133,42,0,0
1344,131,42,0,0
1345,139,43,0,0
1346,136,46,0,0
1347,138,47,0,0
1348,139,45,0,0
1349,134,46,0,0
1350,130,46,0,0
1351,127,44,0,0
1352,123,43,0,0
1353,120,45,0,0
1354,122,43,0,0
1355,122,43,0,0
1356,121,46,0,0
1357,125,47,0,0
1358,124,44,0,0
1359,125,43,0,0
1360,133,43,0,0
1361,133,42,0,0
1362,140,40,0,0
1363,138,40,0,0
1364,140,38,0,0
1365,139,38,0,0
1366,136,36,0,0
1367,138,37,0,0
1368,141,36,0,0
1369,145,36,0,0
1370,147,36,0,0
1371,147,34,0,0
1372,143,33,0,0
1373,149,31,0,0
1374,149,29,0,0
1375,149,29,0,0
1376,144,29,0,0
1377,146,29,0,0
1378,145,29,0,0
1379,144,30,0,0
1380,140,29,0,0
1381,138,31,0,0
1382,136,33,0,0
1383,139,33,0,0
1384,135,34,0,0
1385,135,34,0,0
1386,138,36,0,0
1387,141,35,0,0
1388,141,36,0,0
1389,143,38,0,0
1390,143,37,0,0
1391,146,38,0,0
1392,140,39,0,0
1393,142,38,0,0
1394,143,38,0,0
1395,139,38,0,0
1396,142,37,0,0
1397,136,37,0,0
1398,137,35,0,0
1399,133,36,0,0
1400,129,36,0,0
1401,133,38,0,0
1402,133,37,0,0
1403,129,41,0,0
1404,130,41,0,0
1405,129,42,0,0
1406,133,43,0,0
1407,133,44,0,0
1408,138,40,0,0
1409,136,40,0,0
1410,129,41,0,0
1411,135,39,0,0
1412,136,37,0,0
1413,135,36,0,0
1414,139,37,0,0
1415,138,35,0,0
1416,140,33,0,0
1417,139,33,0,0
1418,133,33,0,0
1419,126,35,0,0
1420,129,36,0,0
1421,137,34,0,0
1422,145,35,0,0
1423,144,32,0,0
1424,143,35,0,0
1425,141,34,0,0
1426,139,36,0,0
1427,138,36,0,0
1428,137,37,0,0
1429,141,36,0,0
1430,143,35,0,0
1431,141,37,0,0
1432,142,36,0,0
1433,139,36,0,0
1434,140,36,0,0
1435,142,38,0,0
1436,139,37,0,0
1437,144,36,0,0
1438,142,36,0,0
1439,143,35,0,0
1440,140,33,0,0
1441,140,33,0,0
1442,145,32,0,0
1443,142,34,0,0
1444,137,33,0,0
1445,137,33,0,0
1446,135,33,0,0
1447,132,32,0,0
1448,131,33,0,0
1449,129,31,0,0
1450,132,33,0,0
1451,132,33,0,0
1452,129,33,0,0
1453,130,36,0,0
1454,130,37,0,0
1455,134,36,0,0
1456,137,38,0,0
1457,138,39,0,0
1458,134,38,0,0
1459,135,38,0,0
1460,135,40,0,0
1461,133,39,0,0
1462,137,39,0,0
1463,143,38,0,0
1464,140,41,0,0
1465,134,39,0,0
1466,133,39,0,0
1467,134,40,0,0
1468,132,39,0,0
1469,133,41,0,0
1470,136,43,0,0
1471,136,44,0,0
1472,135,45,0,0
1473,128,43,0,0
1474,120,44,0,0
1475,118,44,0,0
1476,120,43,0,0
1477,121,46,0,0
1478,118,46,0,0
1479,113,44,0,0
1480,117,43,0,0
1481,115,45,0,0
1482,122,45,0,0
1483,116,48,0,0
1484,113,50,0,0
1485,115,50,0,0
1486,113,49,0,0
1487,119,48,0,0
1488,124,49,0,0
1489,127,47,0,0
1490,128,46,0,0
1491,133,43,0,0
1492,131,42,0,0
1493,127,41,0,0
1494,130,42,0,0
1495,131,40,0,0
1496,133,40,0,0
1497,142,39,0,0
1498,140,38,0,0
1499,137,40,0,0
1500,132,39,0,0
1501,130,38,0,0
1502,133,38,0,0
1503,134,38,0,0
1504,135,38,0,0
1505,130,37,0,0
1506,128,38,0,0
1507,134,36,0,0
1508,134,37,0,0
1509,136,37,0,0
1510,133,38,0,0
1511,136,38,0,0
1512,136,39,0,0
1513,140,40,0,0
1514,137,39,0,0
1515,141,38,0,0
1516,144,36,0,0
1517,143,36,0,0
1518,139,36,0,0
1519,140,34,0,0
1520,139,34,0,0
1521,141,35,0,0
1522,141,36,0,0
1523,135,36,0,0
1524,133,37,0,0
1525,133,38,0,0
1526,127,37,0,0
1527,123,35,0,0
1528,122,36,0,0
1529,130,37,0,0
1530,129,37,0,0
1531,135,39,0,0
1532,132,40,0,0
1533,134,40,0,0
1534,137,39,0,0
1535,139,39,0,0
1536,130,39,0,0
1537,130,38,0,0
1538,131,36,0,0
1539,135,36,0,0
1540,132,39,0,0
1541,131,42,0,0
1542,127,42,0,0
1543,124,43,0,0
1544,121,43,0,0
1545,120,44,0,0
1546,123,43,0,0
1547,128,44,0,0
1548,130,43,0,0
1549,133,41,0,0
1550,131,43,0,0
1551,128,44,0,0
1552,127,44,0,0
1553,130,44,0,0
1554,129,44,0,0
1555,129,43,0,0
1556,132,43,0,0
1557,125,41,0,0
1558,126,41,0,0
1559,127,43,0,0
1560,125,42,0,0
1561,129,42,0,0
1562,132,39,0,0
1563,129,36,0,0
1564,129,37,0,0
1565,129,37,0,0
1566,133,38,0,0
1567,139,38,0,0
1568,136,40,0,0
1569,136,39,0,0
1570,138,38,0,0
1571,136,40,0,0
1572,132,40,0,0
1573,127,38,0,0
1574,127,40,0,0
1575,132,40,0,0
1576,139,41,0,0
1577,135,41,0,0
1578,133,44,0,0
1579,131,44,0,0
1580,132,39,0,0
1581,131,39,0,0
1582,128,37,0,0
1583,126,38,0,0
1584,135,39,0,0
1585,131,39,0,0
1586,126,40,0,0
1587,119,40,0,0
1588,114,41,0,0
1589,114,40,0,0
1590,114,40,0,0
1591,116,40,0,0
1592,122,44,0,0
1593,124,46,0,0
1594,122,43,0,0
1595,118,44,0,0
1596,116,45,0,0
1597,118,44,0,0
1598,117,42,0,0
1599,122,45,0,0
1600,125,44,0,0
1601,123,41,0,0
1602,124,44,0,0
1603,122,46,0,0
1604,121,49,0,0
1605,119,50,0,0
1606,122,50,0,0
1607,118,50,0,0
1608,118,49,0,0
1609,115,50,0,0
1610,114,49,0,0
1611,112,47,0,0
1612,105,49,0,0
1613,106,54,0,0
1614,104,54,0,0
1615,101,55,0,0
1616,102,52,0,0
1617,103,55,0,0
1618,107,54,0,0
1619,113,53,0,0
1620,111,57,0,0
1621,111,54,0,0
1622,120,55,0,0
1623,114,54,0,0
1624,119,57,0,0
1625,118,57,0,0
1626,119,53,0,0
1627,124,52,0,0
1628,119,49,0,0
1629,121,48,0,0
1630,116,49,0,0
1631,117,50,0,0
1632,122,49,0,0
1633,115,49,0,0
1634,109,49,0,0
1635,112,50,0,0
1636,114,49,0,0
1637,111,52,0,0
1638,110,48,0,0
1639,108,49,0,0
1640,106,49,0,0
1641,109,48,0,0
1642,114,49,0,0
1643,110,46,0,0
1644,109,47,0,0
1645,110,49,0,0
1646,114,48,0,0
1647,116,46,0,0
1648,123,47,0,0
1649,122,50,0,0
1650,121,49,0,0
1651,124,48,0,0
1652,127,47,0,0
1653,129,46,0,0
1654,126,45,0,0
1655,126,44,0,0
1656,132,46,0,0
1657,130,44,0,0
1658,129,44,0,0
1659,125,45,0,0
1660,123,46,0,0
1661,127,48,0,0
1662,126,49,0,0
1663,125,48,0,0
1664,123,44,0,0
1665,117,45,0,0
1666,119,44,0,0
1667,114,45,0,0
1668,114,47,0,0
1669,114,48,0,0
1670,115,47,0,0
1671,118,47,0,0
1672,118,48,0,0
1673,121,47,0,0
1674,118,47,0,0
1675,123,48,0,0
1676,124,47,0,0
1677,115,48,0,0
1678,114,50,0,0
1679,119,47,0,0
1680,115,45,0,0
1681,112,45,0,0
1682,113,46,0,0
1683,109,47,0,0
1684,109,49,0,0
1685,112,48,0,0
1686,110,48,0,0
1687,111,50,0,0
1688,116,50,0,0
1689,121,48,0,0
1690,120,46,0,0
1691,118,46,0,0
1692,122,45,0,0
1693,125,46,0,0
1694,128,51,0,0
1695,125,51,0,0
1696,120,48,0,0
1697,120,47,0,0
1698,117,45,0,0
1699,114,42,0,0
1700,111,43,0,0
1701,112,48,0,0
1702,115,51,0,0
1703,117,51,0,0
1704,118,50,0,0
1705,113,49,0,0
1706,109,46,0,0
1707,114,45,0,0
1708,117,45,0,0
1709,122,44,0,0
1710,126,40,0,0
1711,129,40,0,0
1712,130,41,0,0
1713,127,40,0,0
1714,128,38,0,0
1715,129,39,0,0
1716,128,41,0,0
1717,135,41,0,0
1718,131,43,0,0
1719,124,43,0,0
1720,126,41,0,0
1721,126,40,0,0
1722,127,41,0,0
1723,130,42,0,0
1724,132,43,0,0
1725,135,45,0,0
1726,130,47,0,0
1727,128,49,0,0
1728,126,48,0,0
1729,129,48,0,0
1730,131,48,0,0
1731,132,47,0,0
1732,133,47,0,0
1733,134,44,0,0
1734,132,42,0,0
1735,130,40,0,0
1736,125,38,0,0
1737,127,40,0,0
1738,129,39,0,0
1739,127,41,0,0
1740,124,40,0,0
1741,130,39,0,0
1742,130,37,0,0
1743,131,37,0,0
1744,130,41,0,0
1745,130,41,0,0
1746,130,40,0,0
1747,134,41,0,0
1748,134,40,0,0
1749,130,40,0,0
1750,130,43,0,0
1751,131,42,0,0
1752,129,38,0,0
1753,131,39,0,0
1754,129,40,0,0
1755,126,39,0,0
1756,125,40,0,0
1757,127,41,0,0
1758,133,40,0,0
1759,129,39,0,0
1760,130,40,0,0
1761,131,40,0,0
1762,135,40,0,0
1763,136,40,0,0
1764,136,40,0,0
1765,132,39,0,0
1766,137,35,0,0
1767,141,37,0,0
1768,141,34,0,0
1769,137,35,0,0
1770,131,34,0,0
1771,135,34,0,0
1772,134,32,0,0
1773,134,33,0,0
1774,135,32,0,0
1775,136,32,0,0
1776,138,35,0,0
1777,140,35,0,0
1778,132,37,0,0
1779,132,40,0,0
1780,131,44,0,0
1781,132,43,0,0
1782,130,43,0,0
1783,130,44,0,0
1784,128,45,0,0
1785,129,45,0,0
1786,124,45,0,0
1787,126,44,0,0
1788,131,42,0,0
1789,126,44,0,0
1790,126,43,0,0
1791,122,44,0,0
1792,120,41,0,0
1793,123,40,0,0
1794,125,42,0,0
1795,121,44,0,0
1796,122,44,0,0
1797,121,43,0,0
1798,128,44,0,0
1799,122,45,0,0
1800,123,42,0,0
1801,123,43,0,0
1802,126,42,0,0
1803,128,42,0,0
1804,131,43,0,0
1805,132,46,0,0
1806,133,44,0,0
1807,138,43,0,0
1808,140,45,0,0
1809,137,43,0,0
1810,134,45,0,0
1811,138,43,0,0
1812,137,41,0,0
1813,136,39,0,0
1814,130,40,0,0
1815,129,41,0,0
1816,124,41,0,0
1817,125,41,0,0
1818,120,40,0,0
1819,122,41,0,0
1820,121,40,0,0
1821,126,40,0,0
1822,127,41,0,0
1823,121,40,0,0
1824,124,39,0,0
1825,125,39,0,0
1826,128,39,0,0
1827,132,39,0,0
1828,132,41,0,0
1829,137,39,0,0
1830,131,38,0,0
1831,125,39,0,0
1832,125,41,0,0
1833,121,41,0,0
1834,122,39,0,0
1835,122,43,0,0
1836,123,43,0,0
1837,119,45,0,0
1838,117,48,0,0
1839,116,47,0,0
1840,120,47,0,0
1841,119,46,0,0
1842,118,49,0,0
1843,122,47,0,0
1844,127,49,0,0
1845,130,47,0,0
1846,129,45,0,0
1847,134,45,0,0
1848,133,44,0,0
1849,130,45,0,0
1850,129,42,0,0
1851,130,44,0,0
1852,132,45,0,0
1853,134,44,0,0
1854,131,40,0,0
1855,129,42,0,0
1856,127,40,0,0
1857,130,40,0,0
1858,131,41,0,0
1859,131,40,0,0
1860,130,38,0,0
1861,127,37,0,0
1862,120,39,0,0
1863,116,39,0,0
1864,119,37,0,0
1865,117,38,0,0
1866,122,42,0,0
1867,122,45,0,0
1868,121,45,0,0
1869,117,46,0,0
1870,112,46,0,0
1871,115,45,0,0
1872,115,48,0,0
1873,122,48,0,0
1874,123,48,0,0
1875,118,48,0,0
1876,114,48,0,0
1877,110,49,0,0
1878,108,50,0,0
1879,111,54,0,0
1880,108,54,0,0
1881,111,55,0,0
1882,108,54,0,0
1883,109,54,0,0
1884,111,55,0,0
1885,114,55,0,0
1886,115,57,0,0
1887,117,54,0,0
1888,115,52,0,0
1889,113,50,0,0
1890,108,49,0,0
1891,103,49,0,0
1892,108,52,0,0
1893,109,52,0,0
1894,110,53,0,0
1895,103,52,0,0
1896,104,53,0,0
1897,101,53,0,0
1898,103,54,0,0
1899,111,55,0,0
1900,113,55,0,0
1901,114,53,0,0
1902,116,53,0,0
1903,120,52,0,0
1904,120,51,0,0
1905,120,54,0,0
1906,120,55,0,0
1907,122,53,0,0
1908,120,52,0,0
1909,121,52,0,0
1910,118,52,0,0
1911,119,53,0,0
1912,120,49,0,0
1913,123,46,0,0
1914,125,43,0,0
1915,123,43,0,0
1916,126,43,0,0
1917,124,43,0,0
1918,126,42,0,0
1919,130,41,0,0
1920,131,40,0,0
1921,127,42,0,0
1922,127,41,0,0
1923,129,41,0,0
1924,128,41,0,0
1925,125,40,0,0
1926,130,42,0,0
1927,124,42,0,0
1928,123,45,0,0
1929,119,46,0,0
1930,121,45,0,0
1931,122,46,0,0
1932,120,48,0,0
1933,125,46,0,0
1934,124,44,0,0
1935,127,44,0,0
1936,129,43,0,0
1937,124,42,0,0
1938,123,44,0,0
1939,119,43,0,0
1940,125,43,0,0
1941,129,42,0,0
1942,122,44,0,0
1943,121,48,0,0
1944,112,47,0,0
1945,111,46,0,0
1946,112,46,0,0
1947,112,47,0,0
1948,116,48,0,0
1949,117,48,0,0
1950,119,48,0,0
1951,116,49,0,0
1952,111,50,0,0
1953,109,47,0,0
1954,113,47,0,0
1955,121,49,0,0
1956,119,49,0,0
1957,116,48,0,0
1958,113,46,0,0
1959,113,49,0,0
1960,116,50,0,0
1961,113,53,0,0
1962,114,51,0,0
1963,116,49,0,0
1964,120,50,0,0
1965,124,51,0,0
1966,125,53,0,0
1967,131,54,0,0
1968,131,52,0,0
1969,130,48,0,0
1970,129,47,0,0
1971,124,46,0,0
1972,126,42,0,0
1973,124,43,0,0
1974,123,44,0,0
1975,124,45,0,0
1976,121,45,0,0
1977,117,44,0,0
1978,117,46,0,0
1979,115,45,0,0
1980,123,45,0,0
1981,126,48,0,0
1982,128,43,0,0
1983,130,45,0,0
1984,127,45,0,0
1985,134,41,0,0
1986,135,39,0,0
1987,128,36,0,0
1988,130,38,0,0
1989,129,39,0,0
1990,128,39,0,0
1991,129,42,0,0
1992,120,43,0,0
1993,118,44,0,0
1994,113,44,0,0
1995,116,44,0,0
1996,115,44,0,0
1997,116,43,0,0
1998,116,45,0,0
1999,121,44,0,0
